실적일자,분당,수원,청주,양산
2019-09-01,269,520.4,240,186.4
2019-09-02,285,595.4,180,82.4
2019-09-03,171,283,97,186.4
2019-09-04,128,204.8,138,148
2019-09-05,98,172.2,122,307.2
2019-09-06,182,321.2,135,181.6
2019-09-07,85,149.2,89,187.6
2019-09-08,174,299.6,155,243.6
2019-09-09,136,235.6,91,395.2
2019-09-10,143,249.4,255,330
2019-09-11,138,203.4,88,210.8
2019-09-12,99,130.8,88,99.6
2019-09-13,370,754.4,360,472.8
2019-09-14,110,189,153,526
2019-09-15,306,634,330,401.2
2019-09-16,360,702.2,324,443.2
2019-09-17,333,755,359,494
2019-09-18,375,781,358,441.2
2019-09-19,341,700.2,317,540.4
2019-09-20,182,303,146,374
2019-09-21,69,96.8,30,47.6
2019-09-22,63,94.8,23,33.6
2019-09-23,316,559,186,180
2019-09-24,354,722.8,298,454.4
2019-09-25,287,614.4,240,471.2
2019-09-26,272,544.4,188,464.4
2019-09-27,214,435.2,278,213.2
2019-09-28,253,494.2,269,182.4
2019-09-29,341,683.4,311,358.4
2019-09-30,334,668.2,308,255.2
2019-10-01,218,412.6,120,51.6
2019-10-02,56,71.4,16,20.4
2019-10-03,225,297,171,317.2
2019-10-04,280,625,200,439.2
2019-10-05,185,319.6,71,283.6
2019-10-06,285,607.2,292,438.4
2019-10-07,57,57.6,45,121.6
2019-10-08,300,607.2,263,414.4
2019-10-09,335,707.2,312,497.2
2019-10-10,165,301.2,123,461.6
2019-10-11,327,639.6,273,464
2019-10-12,331,667,311,448.8
2019-10-13,331,662.2,305,478.8
2019-10-14,276,472,211,459.2
2019-10-15,339,593,275,176.8
2019-10-16,295,593.6,271,389.6
2019-10-17,246,436.8,184,214
2019-10-18,248,456.8,140,22.4
2019-10-19,293,590,277,429.2
2019-10-20,217,411,231,395.6
2019-10-21,303,604.6,279,436.4
2019-10-22,284,557.2,265,368
2019-10-23,135,243.2,94,115.6
2019-10-24,258,469,229,110
2019-10-25,242,484.2,216,310.4
2019-10-26,249,585.6,248,443.2
2019-10-27,288,607,282,402.4
2019-10-28,245,512.4,255,426.8
2019-10-29,205,508,194,368.4
2019-10-30,309,618.4,274,459.2
2019-10-31,240,462.4,247,441
2019-11-01,277,521,188,399
2019-11-02,171,314.4,143,314
2019-11-03,233,474.2,196,252
2019-11-04,289,584.4,237,248
2019-11-05,214,427.2,208,425
2019-11-06,244,497.6,182,413
2019-11-07,282,472.4,228,335
2019-11-08,287,590,254,405
2019-11-09,337,574.4,239,406
2019-11-10,77,208.8,115,201
2019-11-11,195,375.2,74,279
2019-11-12,170,353.6,193,367
2019-11-13,47,42.4,44,136
2019-11-14,302,626,263,370
2019-11-15,65,141.2,165,413
2019-11-16,188,326.6,189,365
2019-11-17,30,18.4,12,75
2019-11-18,221,402,99,217
2019-11-19,280,471.8,146,387
2019-11-20,280,577.8,221,437
2019-11-21,172,341.4,191,380
2019-11-22,258,518.8,222,391
2019-11-23,188,367.2,165,375
2019-11-24,120,208,182,71
2019-11-25,162,314.2,90,289
2019-11-26,207,466.4,193,391
2019-11-27,224,474,138,108
2019-11-28,209,492.4,198,151
2019-11-29,254,529.6,220,412
2019-11-30,174,390.6,178,181
2019-12-01,44,65.6,35,48.4
2019-12-02,254,508.4,214,391.2
2019-12-03,88,155,94,395.2
2019-12-04,231,489,213,348.4
2019-12-05,263,539,209,385.6
2019-12-06,258,536.6,207,221.6
2019-12-07,107,148.2,103,396.8
2019-12-08,230,486.2,197,382.8
2019-12-09,113,200.6,134,372.4
2019-12-10,101,231.4,114,283.2
2019-12-11,95,229.8,47,298.8
2019-12-12,249,514.6,203,405.2
2019-12-13,168,361.4,163,248.4
2019-12-14,228,485.8,195,334.8
2019-12-15,204,431.8,183,323.2
2019-12-16,185,408.4,175,284.8
2019-12-17,32,30,10,140.8
2019-12-18,188,418,89,302.8
2019-12-19,240,492.2,186,313.2
2019-12-20,237,500.6,163,343.2
2019-12-21,103,183.4,115,112
2019-12-22,146,299.8,133,78.8
2019-12-23,68,203.2,115,306
2019-12-24,217,456.8,133,262.8
2019-12-25,131,275.2,113,333.2
2019-12-26,61,77.4,23,50.4
2019-12-27,236,495.8,180,371.2
2019-12-28,194,440.6,191,352
2019-12-29,77,117.2,42,71.6
2019-12-30,41,54.2,32,249.6
2019-12-31,263,552.8,207,419.6
2020-01-01,77,107,89,395
2020-01-02,64,70.4,30,343
2020-01-03,220,448.2,152,362
2020-01-04,210,386.4,135,290
2020-01-05,202,444.8,175,227
2020-01-06,49,62.8,24,168
2020-01-07,20,13.8,3,6
2020-01-08,47,59.4,20,123
2020-01-09,208,415.8,153,348
2020-01-10,220,450.2,192,372
2020-01-11,222,457.2,181,381
2020-01-12,226,487.6,156,394
2020-01-13,259,516.4,176,326
2020-01-14,215,422.8,172,160
2020-01-15,259,569.2,208,304
2020-01-16,233,475.2,207,396
2020-01-17,216,436.6,175,286
2020-01-18,241,512.6,230,165
2020-01-19,111,219,131,242
2020-01-20,223,471.4,185,246
2020-01-21,256,489.4,220,522
2020-01-22,83,167.8,35,30
2020-01-23,238,490.4,222,59
2020-01-24,230,460.2,223,366
2020-01-25,164,351.6,124,256
2020-01-26,247,498.2,192,44
2020-01-27,57,74.4,27,4
2020-01-28,108,273.4,127,250
2020-01-29,185,487,144,241
2020-01-30,193,425.8,210,201
2020-01-31,142,308,141,465
2020-02-01,131,264.2,106,406.4
2020-02-02,190,378.6,185,405.2
2020-02-03,278,581.8,274,398
2020-02-04,243,563.4,261,295.2
2020-02-05,312,699.4,310,655.6
2020-02-06,300,652.8,231,433.6
2020-02-07,239,473.6,210,380.4
2020-02-08,299,643,257,421.6
2020-02-09,309,660.2,294,396.8
2020-02-10,297,624.2,261,415.2
2020-02-11,301,622.4,265,326.4
2020-02-12,52,64.6,23,22
2020-02-13,118,83.4,119,194.8
2020-02-14,256,538,184,667.6
2020-02-15,184,411.2,179,347.6
2020-02-16,8,99.4,87,374.4
2020-02-17,20,298,127,434.8
2020-02-18,203,741.2,276,461.2
2020-02-19,258,364.4,255,468
2020-02-20,276,569.2,269,452.8
2020-02-21,147,287.8,193,429.6
2020-02-22,272,495,246,438.8
2020-02-23,357,742.4,332,526.4
2020-02-24,287,602.8,288,326.4
2020-02-25,55,78.2,8,147.6
2020-02-26,181,664,252,147.6
2020-02-27,290,643,255,258.4
2020-02-28,65,68.8,45,75.2
2020-02-29,138,440,258,193.4
2020-03-01,56,508,186,424.4
2020-03-02,158,665,338,476
2020-03-03,93,578,271,353.2
2020-03-04,122,573,236,453.2
2020-03-05,167,686,360,337.2
2020-03-06,151,669,346,696.8
2020-03-07,91,561,89,181.6
2020-03-08,156,665,327,512
2020-03-09,91,570,206,145.2
2020-03-10,15,450,25,41.2
2020-03-11,0,705,387,615.6
2020-03-12,143,659,348,551.2
2020-03-13,157,644,242,442
2020-03-14,169,692,357,590.4
2020-03-15,148,665,262,464.4
2020-03-16,178,701,373,588.4
2020-03-17,58,497,88,539.6
2020-03-18,170,684,334,560.8
2020-03-19,99,629,232,479.6
2020-03-20,169,685,359,521.2
2020-03-21,121,593,293,522
2020-03-22,179,701,365,428
2020-03-23,164,679,359,547.2
2020-03-24,160,672,349,373.2
2020-03-25,149,665,345,544
2020-03-26,78,546,141,76.8
2020-03-27,94,584,89,77.6
2020-03-28,155,644,258,217.6
2020-03-29,177,703,369,386.4
2020-03-30,175,700,362,526
2020-03-31,154,678,352,537.2
2020-04-01,216,652,289,253.2
2020-04-02,394,765,326,540
2020-04-03,425,793.6,387,553.6
2020-04-04,436,828.2,364,586.4
2020-04-05,8,877.2,408,610.4
2020-04-06,430,856.2,385,587.6
2020-04-07,162,689,324,550.4
2020-04-08,460,900.8,419,599.2
2020-04-09,441,821,374,567.2
2020-04-10,266,710.8,282,196
2020-04-11,317,679.4,238,272.4
2020-04-12,316,607.8,228,226.4
2020-04-13,392,875,411,266.8
2020-04-14,433,848.2,396,616.8
2020-04-15,360,691,293,424.4
2020-04-16,8136,754.4,363,523.6
2020-04-17,129,191.8,191,56
2020-04-18,439,820,281,488.4
2020-04-19,123,191.2,74,122
2020-04-20,155,269.4,170,504.4
2020-04-21,417,804.4,408,608
2020-04-22,340,650.2,291,621.6
2020-04-23,461,837.4,344,619.6
2020-04-24,462,869.4,416,628.8
2020-04-25,335,653.2,360,585.6
2020-04-26,452,889,407,610.8
2020-04-27,0,782,319,576.4
2020-04-28,443,829.8,396,592
2020-04-29,419,791,382,567.6
2020-04-30,422,738,382,605.4
2020-05-01,684,560,339,512.8
2020-05-02,408,354.6,275,384
2020-05-03,627,584.4,150,84.4
2020-05-04,819,747.6,292,528.8
2020-05-05,303,218,123,284.8
2020-05-06,904,833.8,367,594
2020-05-07,810,773.4,389,612.4
2020-05-08,733,723.8,330,565.2
2020-05-09,144,89,55,60.4
2020-05-10,317,199.8,95,403.2
2020-05-11,768,735.4,363,606.4
2020-05-12,605,506.8,309,591.6
2020-05-13,966,876,406,621.2
2020-05-14,730,675.8,326,490.8
2020-05-15,164,90.6,50,62.4
2020-05-16,350,164.4,160,407.2
2020-05-17,672,466.6,337,446.8
2020-05-18,601,498.2,271,124
2020-05-19,412,361.2,174,375.2
2020-05-20,786,566.4,406,547.2
2020-05-21,788,696.6,343,257.6
2020-05-22,0,479.2,325,423.2
2020-05-23,0,686,383,589.6
2020-05-24,0,303.6,233,452.8
2020-05-25,525,381.2,166,385.6
2020-05-26,699,640.2,326,280.4
2020-05-27,950,867.2,377,549.2
2020-05-28,684,720.8,325,564
2020-05-29,928,806.8,379,555.6
2020-05-30,897,790,372,400.4
2020-05-31,665,636.6,276,306.8
2020-06-01,581,808.2,381,484.8
2020-06-02,201,296.2,173,577.2
2020-06-03,439,649.4,304,315.2
2020-06-04,431,607.2,352,526
2020-06-05,430,540.8,295,451.2
2020-06-06,476,676.2,352,369.6
2020-06-07,451,543.6,283,558.8
2020-06-08,493,728.2,348,551.6
2020-06-09,501,755.2,351,562
2020-06-10,407,616.8,294,546
2020-06-11,478,686.6,311,260.8
2020-06-12,237,310.4,121,347.6
2020-06-13,513,732.8,313,198.8
2020-06-14,404,567,235,109.6
2020-06-15,491,700.8,349,540
2020-06-16,484,660.6,335,564.8
2020-06-17,441,639.8,255,371.6
2020-06-18,271,354.6,144,58.4
2020-06-19,421,556.2,343,487.6
2020-06-20,466,727,318,415.6
2020-06-21,462,727.4,328,589.2
2020-06-22,476,757.4,361,578.4
2020-06-23,346,544.8,257,565.6
2020-06-24,102,81.6,69,174.4
2020-06-25,184,191.6,66,150.8
2020-06-26,315,422.4,299,508.8
2020-06-27,430,599.8,232,423.6
2020-06-28,441,642.2,323,487.2
2020-06-29,225,287,141,199.6
2020-06-30,201,249.2,73,113.2
2020-07-01,14,267,173,330
2020-07-02,40,596,319,437.6
2020-07-03,42,694,149,152.8
2020-07-04,1,650,272,272.8
2020-07-05,10840,539,261,435.6
2020-07-06,35,542,280,140
2020-07-07,22,377,199,475.2
2020-07-08,38,666,315,227.2
2020-07-09,45,698,358,437.2
2020-07-10,27,431,172,104.4
2020-07-11,39,614,230,304.4
2020-07-12,15,165,90,122
2020-07-13,11,112,45,55.6
2020-07-14,22,357,130,205.6
2020-07-15,41,638,207,174
2020-07-16,1,647,268,528
2020-07-17,34,593,306,586
2020-07-18,37,556,305,340
2020-07-19,15,230,214,91.2
2020-07-20,13,156,111,110.4
2020-07-21,33,593,349,470.8
2020-07-22,10,132,73,154.4
2020-07-23,8,74,44,119.6
2020-07-24,18,267,148,167.6
2020-07-25,33,530,142,164
2020-07-26,29,398,162,544
2020-07-27,17,235,142,86
2020-07-28,15,227,128,49.6
2020-07-29,16,158,62,161.2
2020-07-30,27,377,92,201.2
2020-07-31,30,414,221,370.6
2020-08-01,262,269,152,87.6
2020-08-02,168,99,164,376
2020-08-03,144,75,50,410.4
2020-08-04,297,276,222,442
2020-08-05,225,235,123,316.4
2020-08-06,315,238,32,98.4
2020-08-07,260,198,53,99.2
2020-08-08,186,116,58,46.8
2020-08-09,148,73,99,374
2020-08-10,347,251,120,213.6
2020-08-11,233,233,76,300.8
2020-08-12,43,286,135,168
2020-08-13,324,304,259,429.2
2020-08-14,207,181,231,532.4
2020-08-15,148,112,236,492.4
2020-08-16,541,480,267,571.2
2020-08-17,535,572,320,528.8
2020-08-18,570,578,337,532
2020-08-19,670,692,324,532
2020-08-20,582,589,336,523.2
2020-08-21,420,472,326,460.8
2020-08-22,281,209,148,347.6
2020-08-23,658,625,299,382.4
2020-08-24,641,666,330,497.6
2020-08-25,568,684,330,467.6
2020-08-26,562,603,228,294.8
2020-08-27,514,230,196,83.2
2020-08-28,278,358,257,256
2020-08-29,297,275,164,395.2
2020-08-30,443,323,230,447.2
2020-08-31,382,403,315,176.2
2020-09-01,475,329,347,235.2
2020-09-02,138,101,54,172
2020-09-03,483,493,282,256
2020-09-04,736,726,311,540
2020-09-05,457,436,110,58
2020-09-06,264,233,140,78.8
2020-09-07,136,115,41,71.2
2020-09-08,685,680,317,428.4
2020-09-09,366,301,246,29.2
2020-09-10,577,472,241,61.2
2020-09-11,388,383,130,169.6
2020-09-12,272,247,93,332.4
2020-09-13,639,665,338,234
2020-09-14,506,599,291,446.4
2020-09-15,585,546,294,408
2020-09-16,264,220,91,89.2
2020-09-17,315,250,91,99.6
2020-09-18,712,732,284,203.6
2020-09-19,635,564,258,495.6
2020-09-20,738,765,340,549.2
2020-09-21,645,660,300,450
2020-09-22,691,735,253,260
2020-09-23,530,514,208,200.8
2020-09-24,589,684,303,317.2
2020-09-25,618,578,258,297.2
2020-09-26,553,640,305,302.4
2020-09-27,667,689,308,435.2
2020-09-28,600,648,319,498
2020-09-29,520,514,253,486.8
2020-09-30,465,490,286,450.8
2020-10-01,453,399.8,237,457.2
2020-10-02,392,425,245,472.8
2020-10-03,404,381.2,101,320.4
2020-10-04,491,443.8,119,256
2020-10-05,700,729.6,295,532.8
2020-10-06,715,720,327,502.8
2020-10-07,583,605,288,466
2020-10-08,706,710.6,324,311.2
2020-10-09,702,686.4,319,375.2
2020-10-10,581,626.8,297,144
2020-10-11,412,431,161,215.2
2020-10-12,455,467.2,178,394.8
2020-10-13,477,489,205,448.8
2020-10-14,0,452.6,158,289.6
2020-10-15,573,538.8,243,444.4
2020-10-16,250,210.4,115,125.6
2020-10-17,650,649,270,440.8
2020-10-18,646,616.6,292,450.8
2020-10-19,579,591.8,267,392.4
2020-10-20,601,599.6,263,419.6
2020-10-21,198,158.4,65,152.4
2020-10-22,410,342.2,88,97.2
2020-10-23,634,670,286,471.2
2020-10-24,660,680.4,299,467.2
2020-10-25,521,563.4,238,466.4
2020-10-26,517,518.6,235,427.6
2020-10-27,471,480.2,227,389.2
2020-10-28,573,567.8,208,232.4
2020-10-29,529,587.8,241,406
2020-10-30,571,573,246,420
2020-10-31,459,444,214,410
2020-11-01,79,33.8,27,88.8
2020-11-02,562,605,231,182.8
2020-11-03,574,603.4,208,454
2020-11-04,591,646.2,276,458.8
2020-11-05,492,548.4,222,404.8
2020-11-06,216,156.2,46,125.2
2020-11-07,445,447.6,174,255.6
2020-11-08,550,605.8,259,405.6
2020-11-09,420,504.6,244,446.8
2020-11-10,515,570.2,242,416.4
2020-11-11,484,536,230,391.2
2020-11-12,462,515.2,224,396.4
2020-11-13,282,284.2,176,368.4
2020-11-14,449,478.4,200,231.2
2020-11-15,376,390.8,198,372
2020-11-16,385,412.8,175,364.8
2020-11-17,210,211.8,84,199.6
2020-11-18,122,95.2,55,227.6
2020-11-19,44,8.6,8,36
2020-11-20,111,73.4,14,384.4
2020-11-21,449,496.6,226,150
2020-11-22,157,105.4,41,55.6
2020-11-23,488,539.8,203,415.6
2020-11-24,358,372.2,139,287.2
2020-11-25,401,478.6,215,398.4
2020-11-26,433,416.2,186,165.6
2020-11-27,368,325.6,63,278.4
2020-11-28,494,537,220,350.8
2020-11-29,239,190.8,76,402.8
2020-11-30,470,506.2,200,391.2
2020-12-01,444,496.4,197,362
2020-12-02,252,281.6,185,282
2020-12-03,714,497.2,204,345.6
2020-12-04,456,494.4,202,390
2020-12-05,296,271.6,52,370
2020-12-06,321,259.6,147,382
2020-12-07,292,298.6,49,188.8
2020-12-08,448,498.2,202,363.2
2020-12-09,356,400.4,161,373.6
2020-12-10,168,186.2,92,96
2020-12-11,242,279.8,129,293.3
2020-12-12,400,454.4,189,324.7
2020-12-13,22,28.8,23,267.2
2020-12-14,348,511.2,206,318
2020-12-15,435,506.4,212,407.6
2020-12-16,463,503.8,213,396.4
2020-12-17,442,472.8,194,395.2
2020-12-18,313,312.8,72,282.4
2020-12-19,454,508.4,203,408.8
2020-12-20,437,478.6,190,388.4
2020-12-21,325,376.2,141,316.8
2020-12-22,286,347.6,179,280
2020-12-23,200,201.8,86,222
2020-12-24,366,398.6,172,257.6
2020-12-25,435,488.4,183,306.4
2020-12-26,313,349.6,125,340.8
2020-12-27,313,335,117,122.8
2020-12-28,350,369.8,142,325.2
2020-12-29,116,85,43,210
2020-12-30,450,540,0,412.8
2020-12-31,368,420.8,0,410.4
2021-01-01,375,400,0,368.8
2021-01-02,453,506.8,30,347.6
2021-01-03,354,396.4,48,364
2021-01-04,295,269.8,71,346.4
2021-01-05,442,494,146,191.2
2021-01-06,476,288,163,389.6
2021-01-07,3,220.2,17,429.2
2021-01-08,7,16,105,437.2
2021-01-09,15,19,154,382.8
2021-01-10,81,61.8,177,342.4
2021-01-11,62,83.4,66,175.6
2021-01-12,108,226.8,157,402.8
2021-01-13,171,320,163,332.4
2021-01-14,350,513.2,197,371.2
2021-01-15,119,52.8,49,256.8
2021-01-16,394,482,194,378.4
2021-01-17,423,507.2,201,255.6
2021-01-18,140,93.4,83,196.4
2021-01-19,487,557.2,207,295.2
2021-01-20,453,522.8,201,392
2021-01-21,142,118.4,99,298.4
2021-01-22,106,95,57,47.2
2021-01-23,331,316.8,78,37.6
2021-01-24,489,558.6,224,91.2
2021-01-25,402,479,179,252
2021-01-26,0,50.2,29,48.4
2021-01-27,626,524.4,209,413.2
2021-01-28,270,180.2,57,276.8
2021-01-29,582,650,257,455.6
2021-01-30,354,357,173,393
2021-01-31,445,516.6,212,420
2021-02-01,216,196.2,114,65.6
2021-02-02,601,663.4,274,408
2021-02-03,523,596.4,247,473.2
2021-02-04,278,340,234,434.8
2021-02-05,0,402,189,344.8
2021-02-06,558,211.6,162,409.2
2021-02-07,448,393.2,198,384
2021-02-08,655,701,299,468
2021-02-09,617,663,282,480
2021-02-10,0,215.6,145,405.6
2021-02-11,731,489.8,207,272.4
2021-02-12,527,577.2,250,308
2021-02-13,554,586.8,268,413.6
2021-02-14,262,260.4,90,95.32
2021-02-15,434,385.6,235,337.08
2021-02-16,152,165.4,159,469.2
2021-02-17,507,631.4,25,464
2021-02-18,667,728,198,420.8
2021-02-19,595,664.8,297,491.2
2021-02-20,580,536.6,260,424.8
2021-02-21,568,599.8,288,440.4
2021-02-22,486,442.2,261,432
2021-02-23,653,704.2,305,352
2021-02-24,590,591.2,242,262.4
2021-02-25,0,187.4,65,128
2021-02-26,1436,707.2,280,244.8
2021-02-27,15,703,289,139.6
2021-02-28,264,284.6,128,262.2
2021-03-01,559,32.2,34,38.8
2021-03-02,560,375.2,99,204.4
2021-03-03,560,619.8,267,474.4
2021-03-04,560,337.2,98,170.4
2021-03-05,560,717.8,302,329.6
2021-03-06,560,440.6,157,101.2
2021-03-07,560,561.4,147,275.6
2021-03-08,560,725.2,321,480.8
2021-03-09,560,582.2,229,394.8
2021-03-10,560,713.8,326,522.8
2021-03-11,560,618.8,288,375.6
2021-03-12,559,174.4,55,52.4
2021-03-13,560,538.4,284,508.4
2021-03-14,560,628,209,521.6
2021-03-15,560,528.6,265,458
2021-03-16,560,786.4,356,444.8
2021-03-17,560,750.2,342,519.6
2021-03-18,560,650.8,317,496.4
2021-03-19,560,599.6,275,483.2
2021-03-20,,68.8,41,60.4
2021-03-21,560,425.2,199,473.6
2021-03-22,560,804,347,601.2
2021-03-23,560,738,347,550
2021-03-24,560,625.6,316,396.4
2021-03-25,560,721.8,343,547.2
2021-03-26,560,578,274,534
2021-03-27,559,136.2,74,156
2021-03-28,559,67,46,468
2021-03-29,560,648.6,313,468
2021-03-30,560,822.8,377,410
2021-03-31,560,776.4,364,542.4
2021-04-01,721,700,275,502
2021-04-02,526,465,265,344.8
2021-04-03,103,53,56,170
2021-04-04,498,421,125,123.2
2021-04-05,896,868,398,604.4
2021-04-06,838,785,357,437.6
2021-04-07,853,802,379,549.2
2021-04-08,905,833,391,500.8
2021-04-09,862,835,363,415.6
2021-04-10,840,790,353,564
2021-04-11,786,748,353,575.2
2021-04-12,235,173,90,110.4
2021-04-13,680,637,283,441.2
2021-04-14,946,901,419,510
2021-04-15,885,820,361,502
2021-04-16,304,179,78,459.2
2021-04-17,571,493,251,328.4
2021-04-18,875,825,373,534
2021-04-19,868,831,358,617.2
2021-04-20,814,784,377,539.6
2021-04-21,790,760,343,541.2
2021-04-22,36,478,274,400.4
2021-04-23,375,321,153,248.4
2021-04-24,485,383,270,518.4
2021-04-25,875,808,353,436.8
2021-04-26,608,694,376,598
2021-04-27,166,324,160,451.6
2021-04-28,256,572,208,538.8
2021-04-29,258,555,294,387.6
2021-04-30,155,208,228,577
2021-05-01,349,504.6,145,250
2021-05-02,579,811.8,323,406.8
2021-05-03,601,839.8,392,610
2021-05-04,141,156.4,132,125.2
2021-05-05,638,797.2,411,523.2
2021-05-06,532,739.2,307,529.2
2021-05-07,393,475,214,463.6
2021-05-08,528,711.2,362,596.4
2021-05-09,638,875.6,404,599.6
2021-05-10,112,132,43,268.8
2021-05-11,568,773.6,275,198.8
2021-05-12,550,724.2,364,433.6
2021-05-13,547,785.6,366,555.2
2021-05-14,485,687.2,310,535.2
2021-05-15,200,219.4,150,84.4
2021-05-16,72,41.6,42,37.2
2021-05-17,127,114.8,63,80.4
2021-05-18,459,600,301,154.4
2021-05-19,590,829.2,363,571.2
2021-05-20,171,200.6,67,57.6
2021-05-21,174,188.4,66,412.4
2021-05-22,579,799.4,375,588.8
2021-05-23,425,584.4,271,527.6
2021-05-24,554,681.4,332,264.8
2021-05-25,433,482,284,373.6
2021-05-26,492,622.4,193,357.2
2021-05-27,185,134.2,158,207.2
2021-05-28,251,266,104,510
2021-05-29,280,492.8,276,605.6
2021-05-30,587,821,374,529.6
2021-05-31,324,403,180,442.4
2021-06-01,373,557.4,316,537.6
2021-06-02,546,765,329,283.6
2021-06-03,142,148.4,64,91.2
2021-06-04,590,781.6,366,395.6
2021-06-05,439,503.4,314,526.4
2021-06-06,477,560.6,295,518
2021-06-07,227,290,237,507.6
2021-06-08,477,669.8,327,510
2021-06-09,488,661.8,344,500.4
2021-06-10,358,476.6,254,410
2021-06-11,234,376.4,230,66.4
2021-06-12,520,766,353,183.6
2021-06-13,488,703.4,290,310.4
2021-06-14,454,573.6,256,250
2021-06-15,205,214,130,150
2021-06-16,465,650.2,261,168
2021-06-17,270,285,168,245.6
2021-06-18,153,134.8,104,270.4
2021-06-19,575,763,365,483.6
2021-06-20,531,722.6,329,519.2
2021-06-21,528,714.2,360,530.8
2021-06-22,402,513.2,266,435.2
2021-06-23,417,508.4,129,348.8
2021-06-24,477,608.6,277,310.8
2021-06-25,484,704.2,355,411.6
2021-06-26,366,452.6,181,341.6
2021-06-27,484,697.2,277,479.2
2021-06-28,263,396,219,367.6
2021-06-29,333,579,294,456.8
2021-06-30,347,449,240,372
2021-07-01,299,657.8,307,336
2021-07-02,252,546,284,307.6
2021-07-03,133,257.8,113,88
2021-07-04,77,65,140,371.6
2021-07-05,210,440.8,184,120.8
2021-07-06,250,526.4,173,55.6
2021-07-07,189,354.2,136,60.8
2021-07-08,260,505.4,225,216
2021-07-09,187,481.4,266,173.2
2021-07-10,250,551.4,260,471.2
2021-07-11,173,291.6,217,464
2021-07-12,227,441.4,284,462.8
2021-07-13,25,400,296,444
2021-07-14,236,410.8,122,403.2
2021-07-15,295,360,108,443.2
2021-07-16,757,486,122,452.4
2021-07-17,823,445.2,141,279.6
2021-07-18,832,524,137,298.8
2021-07-19,532,311.2,100,258
2021-07-20,642,395.2,85,446.8
2021-07-21,874,522.4,151,434.8
2021-07-22,872,498.8,145,400
2021-07-23,879,512.8,156,371.6
2021-07-24,858,490.8,127,402.8
2021-07-25,870,520.8,129,386
2021-07-26,879,518.4,154,511.6
2021-07-27,724,507.2,153,470.4
2021-07-28,610,384,137,433.2
2021-07-29,504,285.6,122,371.6
2021-07-30,788,459.6,144,501.6
2021-07-31,792,390,130,412.8
2021-08-01,329,169.6,64,392
2021-08-02,318,162.8,49,483
2021-08-03,501,314,86,381
2021-08-04,608,424.8,137,456
2021-08-05,626,473.2,140,515
2021-08-06,572,391.6,123,525
2021-08-07,638,426,129,408
2021-08-08,434,292.4,56,134
2021-08-09,588,442.8,134,369
2021-08-10,644,437.2,95,270
2021-08-11,525,346,140,354
2021-08-12,446,311.2,102,374
2021-08-13,393,246.4,62,210
2021-08-14,486,294.8,66,121
2021-08-15,661,470,148,348
2021-08-16,653,486,120,383
2021-08-17,26,387.6,104,135
2021-08-18,554,309.2,106,188
2021-08-19,721,456,108,358
2021-08-20,499,327.6,122,441
2021-08-21,185,115.6,34,17
2021-08-22,411,236.4,77,349
2021-08-23,153,76.8,15,105
2021-08-24,193,144.4,43,42
2021-08-25,,125.6,16,98
2021-08-26,606,178,76,458
2021-08-27,151,65.2,16,313
2021-08-28,525,286,73,474
2021-08-29,367,242.8,80,169
2021-08-30,371,187.6,47,432
2021-08-31,111,61.4,46,213
2021-09-01,221,112.8,28,107.2
2021-09-02,354,227.2,101,179.2
2021-09-03,731,445.6,134,220
2021-09-04,729,453.2,120,282.8
2021-09-05,489,285.6,66,231.2
2021-09-06,380,208.8,55,144.8
2021-09-07,122,36.8,17,126.8
2021-09-08,640,342.8,66,278.8
2021-09-09,695,433.6,115,358.4
2021-09-10,202,361.2,93,151.6
2021-09-11,704,423.2,124,506.4
2021-09-12,742,464.4,117,374.8
2021-09-13,25,401.2,113,248
2021-09-14,638,350.8,79,76
2021-09-15,752,475.6,137,492.4
2021-09-16,689,466.4,112,238.4
2021-09-17,544,298.8,47,54
2021-09-18,592,442.8,132,500.8
2021-09-19,529,374.4,118,405.6
2021-09-20,617,406.4,134,353.2
2021-09-21,418,196,54,82.8
2021-09-22,571,322.4,112,433.6
2021-09-23,481,358,116,528
2021-09-24,655,452.8,113,347.6
2021-09-25,297,170.4,55,262
2021-09-26,651,400.8,77,224.8
2021-09-27,426,269.6,99,245.2
2021-09-28,293,176,54,221.2
2021-09-29,160,62.4,16,160.4
2021-09-30,587,356,116,186
2021-10-01,578,126.8,107,460.4
2021-10-02,537,0,117,465.6
2021-10-03,591,0,116,459.6
2021-10-04,145,0,65,325.6
2021-10-05,387,0,108,460.4
2021-10-06,,0,54,434.4
2021-10-07,304,0,21,377.6
2021-10-08,149,0,7,210.8
2021-10-09,352,0,0,274.4
2021-10-10,207,0,0,403.2
2021-10-11,348,0,0,49.6
2021-10-12,205,0,0,96
2021-10-13,572,0,0,186
2021-10-14,507,56.8,0,454
2021-10-15,205,148.8,0,376
2021-10-16,298,187.2,0,62.4
2021-10-17,690,468.8,0,494
2021-10-18,572,389.6,0,471.2
2021-10-19,1513,271.2,0,424
2021-10-20,13,392.8,0,444.8
2021-10-21,478,507,0,92.4
2021-10-22,562,592.8,0,420.4
2021-10-23,607,610.4,0,404.8
2021-10-24,584,585.8,0,380.4
2021-10-25,601,600,0,444
2021-10-26,478,495.2,0,418.4
2021-10-27,523,563.6,0,398.4
2021-10-28,593,610.4,0,431.2
2021-10-29,553,543,0,266
2021-10-30,308,303.8,0,202.4
2021-10-31,,455,0,412.6
2021-11-01,395,429.2,0,344.4
2021-11-02,500,477.2,0,394.8
2021-11-03,574,533.4,0,405.6
2021-11-04,298,314.4,0,394.8
2021-11-05,531,490.6,0,318.8
2021-11-06,544,514.8,0,350.4
2021-11-07,509,498,0,204.4
2021-11-08,82,79.4,0,40
2021-11-09,174,141.2,0,287.2
2021-11-10,296,288,0,239.2
2021-11-11,,478,0,324.4
2021-11-12,557,444,0,325.6
2021-11-13,513,467.4,0,422.4
2021-11-14,443,352.8,0,376.8
2021-11-15,474,452.8,0,361.2
2021-11-16,,477.4,0,361.6
2021-11-17,498,485,0,364
2021-11-18,288,243.6,0,353.6
2021-11-19,331,201.2,0,380.4
2021-11-20,346,242.2,0,317.6
2021-11-21,196,130.6,0,174.8
2021-11-22,360,388.6,0,169.2
2021-11-23,285,214.2,0,364.8
2021-11-24,292,208.8,0,297.6
2021-11-25,,423,0,334
2021-11-26,400,456,0,394.8
2021-11-27,520,500.2,0,382.4
2021-11-28,496,380.2,0,374
2021-11-29,365,400.2,0,378.4
2021-11-30,50,17.6,0,4.8
2021-12-01,451,534.8,0,400.8
2021-12-02,371,394.4,0,401.6
2021-12-03,509,463,0,290.8
2021-12-04,412,389,0,360.8
2021-12-05,,472.2,0,260.4
2021-12-06,422,446.8,0,188.4
2021-12-07,400,370.4,0,341.2
2021-12-08,445,453.6,0,322.4
2021-12-09,196,178.2,0,254
2021-12-10,77,37.6,0,258
2021-12-11,225,239.6,0,315.6
2021-12-12,418,422.8,0,199.6
2021-12-13,488,505,0,396
2021-12-14,264,271,0,376.8
2021-12-15,194,133.6,0,224
2021-12-16,288,290.8,0,64.4
2021-12-17,468,485.6,0,362.8
2021-12-18,326,340.4,0,401.2
2021-12-19,288,327.6,0,374.4
2021-12-20,307,327,0,328
2021-12-21,332,307.6,0,325.6
2021-12-22,429,445,0,356
2021-12-23,386,386.8,0,321.2
2021-12-24,,46.8,0,196
2021-12-25,578,520.6,0,403.2
2021-12-26,457,526,0,413.6
2021-12-27,249,262.8,0,393.2
2021-12-28,161,154,0,345.6
2021-12-29,124,129.8,0,192.8
2021-12-30,336,338.2,0,438.8
2021-12-31,498,516,0,398.8
2022-01-01,429,461.4,0,391.6
2022-01-02,378,393.4,0,366
2022-01-03,372,410.8,0,382.8
2022-01-04,449,488.6,0,344.8
2022-01-05,228,222.8,0,129.6
2022-01-06,451,488.8,0,381.6
2022-01-07,432,471.2,0,383.2
2022-01-08,193,220.4,0,393.2
2022-01-09,232,276.4,0,261.2
2022-01-10,284,273.4,0,268
2022-01-11,390,446.6,0,324.4
2022-01-12,475,531.4,0,422.8
2022-01-13,484,524.8,0,380.8
2022-01-14,480,527.6,0,425.2
2022-01-15,230,209.2,0,292.8
2022-01-16,490,539.4,0,323.2
2022-01-17,329,336,0,385.6
2022-01-18,467,547.4,0,431.2
2022-01-19,58,84.8,0,370.8
2022-01-20,374,532,0,420.4
2022-01-21,512,557.2,0,396.4
2022-01-22,259,261,0,311.6
2022-01-23,370,392.8,0,170
2022-01-24,409,499.2,0,71.6
2022-01-25,101,47,0,105.2
2022-01-26,440,487.4,0,372.8
2022-01-27,465,479,0,378.8
2022-01-28,539,587,0,416.4
2022-01-29,564,600.6,0,308.8
2022-01-30,559,600.2,0,386.4
2022-01-31,467,532.2,0,436.8
2022-02-01,161,110,0,366.8
2022-02-02,1092,394,0,314.4
2022-02-03,,415.6,0,446
2022-02-04,2599,383.6,0,432.4
2022-02-05,1274,346,0,468
2022-02-06,1394,393.2,0,460
2022-02-07,1158,260,0,363.6
2022-02-08,1305,362.4,0,405.6
2022-02-09,1172,366.4,0,372
2022-02-10,251,389.6,0,387.2
2022-02-11,210,346.4,0,419.6
2022-02-12,250,372.4,0,403.6
2022-02-13,147,258.8,0,247.2
2022-02-14,11,211.6,0,245.6
2022-02-15,213,272.4,0,434
2022-02-16,274,412,0,442
2022-02-17,296,469.2,0,449.2
2022-02-18,,440.4,0,434
2022-02-19,412,232.8,0,232.4
2022-02-20,310,490,0,494
2022-02-21,201,313.6,0,485.6
2022-02-22,258,460.8,0,484.4
2022-02-23,307,490.8,0,369.2
2022-02-24,300,481.6,0,471.6
2022-02-25,186,309.6,0,435.2
2022-02-26,132,200,0,414.8
2022-02-27,307,482.8,0,489.2
2022-02-28,185,5451,0,367.4
2022-03-01,207,139.2,0,245.2
2022-03-02,698,498.8,0,489.2
2022-03-03,669,450,0,492
2022-03-04,430,318.4,0,326
2022-03-05,709,510.8,0,409.6
2022-03-06,732,523.6,0,542.4
2022-03-07,554,418,0,356.4
2022-03-08,594,435.2,0,476.4
2022-03-09,625,442.8,0,471.6
2022-03-10,554,394.8,0,371.2
2022-03-11,976,282.8,0,283.2
2022-03-12,401,289.6,0,349.2
2022-03-13,,32.8,0,32.8
2022-03-14,188,40.8,0,68.4
2022-03-15,583,372.8,0,508
2022-03-16,594,376,0,516
2022-03-17,281,219.2,0,92.8
2022-03-18,167,111.6,0,111.6
2022-03-19,167,41.6,0,183.2
2022-03-20,523,341.6,0,254.8
2022-03-21,536,381.2,0,484.8
2022-03-22,732,523.2,0,491.2
2022-03-23,256,166.4,0,230.8
2022-03-24,218,161.2,0,470.8
2022-03-25,378,268,0,334
2022-03-26,252,133.2,0,285.2
2022-03-27,718,503.2,0,561.2
2022-03-28,786,563.6,0,422
2022-03-29,747,537.6,0,552.4
2022-03-30,245,146.4,0,264
2022-03-31,509,5153.6,0,240.6
